,v202401.0.2 â†¦ v202401.1.1,â†¦ v202401.2.1,â†¦ v202401.4.0,â†¦ v202401.5.0,â†¦ v202401.6.0,â†¦ v202401.7.0,â†¦ v202501.0.0,â†¦ v202501.1.0-rc1
bo.Angebot,ğŸ”´,ğŸŸ¢,ğŸŸ¡,ğŸ”´,ğŸŸ¢,ğŸŸ¢,ğŸŸ¢,ğŸ”´
bo.Ansprechpartner,â–,\-,\-,\-,\-,\-,\-,\-
bo.Ausschreibung,ğŸŸ¡,ğŸŸ¡,ğŸŸ¡,ğŸ”´,ğŸŸ¢,ğŸŸ¢,ğŸŸ¢,ğŸ”´
bo.Bilanzierung,\-,\-,\-,\-,\-,â•,ğŸŸ¢,ğŸŸ¡
bo.Buendelvertrag,ğŸŸ¡,ğŸŸ¢,ğŸŸ¢,ğŸ”´,ğŸŸ¢,ğŸŸ¢,ğŸŸ¢,ğŸ”´
bo.Energiemenge,ğŸŸ¡,ğŸŸ¢,ğŸŸ¢,ğŸ”´,ğŸŸ¢,ğŸŸ¢,ğŸŸ¢,ğŸ”´
bo.Fremdkosten,ğŸŸ¡,ğŸŸ¢,ğŸŸ¢,ğŸ”´,ğŸŸ¢,ğŸŸ¢,ğŸŸ¢,ğŸ”´
bo.Geraet,ğŸŸ¡,ğŸŸ¢,ğŸŸ¢,ğŸ”´,ğŸŸ¢,ğŸŸ¢,ğŸŸ¢,ğŸ”´
bo.Geschaeftspartner,ğŸ”´,ğŸŸ¡,ğŸŸ¡,ğŸ”´,ğŸŸ¢,ğŸŸ¢,ğŸŸ¢,ğŸ”´
bo.Kosten,ğŸŸ¡,ğŸŸ¢,ğŸŸ¢,ğŸ”´,ğŸŸ¢,ğŸŸ¢,ğŸŸ¢,ğŸ”´
bo.Lastgang,ğŸŸ¡,ğŸŸ¢,ğŸŸ¢,ğŸ”´,ğŸŸ¢,ğŸŸ¢,ğŸŸ¢,ğŸ”´
bo.Lokationszuordnung,\-,\-,â•,ğŸ”´,ğŸŸ¢,ğŸ”´,ğŸŸ¢,ğŸ”´
bo.Marktlokation,ğŸŸ¡,ğŸŸ¡,ğŸ”´,ğŸ”´,ğŸŸ¢,ğŸŸ¢,ğŸŸ¢,ğŸ”´
bo.Marktteilnehmer,ğŸ”´,ğŸŸ¢,ğŸŸ¢,ğŸ”´,ğŸŸ¢,ğŸŸ¢,ğŸŸ¢,ğŸ”´
bo.Messlokation,ğŸŸ¡,ğŸŸ¡,ğŸŸ¡,ğŸ”´,ğŸŸ¢,ğŸŸ¢,ğŸŸ¢,ğŸ”´
bo.Netzlokation,\-,\-,â•,ğŸ”´,ğŸŸ¢,ğŸŸ¢,ğŸŸ¢,ğŸ”´
bo.Person,â•,ğŸŸ¢,ğŸŸ¡,ğŸ”´,ğŸŸ¢,ğŸŸ¢,ğŸŸ¢,ğŸ”´
bo.Preisblatt,ğŸŸ¡,ğŸŸ¢,ğŸŸ¢,ğŸ”´,ğŸŸ¢,ğŸŸ¢,ğŸŸ¢,ğŸ”´
bo.PreisblattDienstleistung,ğŸŸ¡,ğŸŸ¢,ğŸŸ¢,ğŸ”´,ğŸŸ¢,ğŸŸ¢,ğŸŸ¢,ğŸ”´
bo.PreisblattHardware,ğŸŸ¡,ğŸŸ¢,ğŸŸ¢,ğŸ”´,ğŸŸ¢,ğŸŸ¢,ğŸŸ¢,ğŸ”´
bo.PreisblattKonzessionsabgabe,ğŸŸ¡,ğŸŸ¢,ğŸŸ¢,ğŸ”´,ğŸŸ¢,ğŸŸ¢,ğŸŸ¢,ğŸ”´
bo.PreisblattMessung,ğŸŸ¡,ğŸŸ¢,ğŸŸ¢,ğŸ”´,ğŸŸ¢,ğŸŸ¢,ğŸŸ¢,ğŸ”´
bo.PreisblattNetznutzung,ğŸŸ¡,ğŸŸ¢,ğŸŸ¢,ğŸ”´,ğŸŸ¢,ğŸŸ¢,ğŸŸ¢,ğŸ”´
bo.Rechnung,ğŸŸ¡,ğŸŸ¢,ğŸŸ¢,ğŸ”´,ğŸŸ¢,ğŸŸ¢,ğŸŸ¢,ğŸ”´
bo.Region,ğŸŸ¡,ğŸŸ¢,ğŸŸ¢,ğŸ”´,ğŸŸ¢,ğŸŸ¢,ğŸŸ¢,ğŸ”´
bo.Regionaltarif,ğŸŸ¡,ğŸŸ¢,ğŸŸ¡,ğŸ”´,ğŸŸ¢,ğŸŸ¢,ğŸŸ¢,ğŸ”´
bo.Standorteigenschaften,ğŸŸ¡,ğŸŸ¢,ğŸŸ¢,ğŸ”´,ğŸŸ¢,ğŸŸ¢,ğŸŸ¢,ğŸ”´
bo.SteuerbareRessource,\-,\-,â•,ğŸ”´,ğŸŸ¢,ğŸŸ¢,ğŸŸ¢,ğŸ”´
bo.Tarif,ğŸŸ¡,ğŸŸ¢,ğŸŸ¡,ğŸ”´,ğŸŸ¢,ğŸŸ¢,ğŸŸ¢,ğŸ”´
bo.Tarifinfo,ğŸŸ¡,ğŸŸ¢,ğŸŸ¡,ğŸ”´,ğŸŸ¢,ğŸŸ¢,ğŸŸ¢,ğŸ”´
bo.Tarifkosten,ğŸŸ¡,ğŸŸ¢,ğŸŸ¡,ğŸ”´,ğŸŸ¢,ğŸŸ¢,ğŸŸ¢,ğŸ”´
bo.Tarifpreisblatt,ğŸŸ¡,ğŸŸ¢,ğŸŸ¡,ğŸ”´,ğŸŸ¢,ğŸŸ¢,ğŸŸ¢,ğŸ”´
bo.TechnischeRessource,\-,\-,â•,ğŸ”´,ğŸŸ¢,ğŸŸ¢,ğŸŸ¢,ğŸ”´
bo.Vertrag,ğŸŸ¡,ğŸŸ¡,ğŸŸ¡,ğŸ”´,ğŸŸ¢,ğŸŸ¢,ğŸŸ¢,ğŸ”´
bo.Zaehler,ğŸŸ¡,ğŸŸ¡,ğŸŸ¢,ğŸ”´,ğŸŸ¢,ğŸŸ¢,ğŸŸ¢,ğŸ”´
bo.Zeitreihe,ğŸŸ¡,ğŸŸ¢,ğŸŸ¢,ğŸ”´,ğŸŸ¢,ğŸ”´,ğŸŸ¢,ğŸ”´
com.Adresse,ğŸŸ¡,ğŸŸ¡,ğŸŸ¡,ğŸŸ¡,ğŸŸ¢,ğŸŸ¡,ğŸŸ¢,ğŸ”´
com.Angebotsposition,ğŸŸ¡,ğŸŸ¡,ğŸŸ¡,ğŸŸ¡,ğŸŸ¢,ğŸŸ¡,ğŸŸ¢,ğŸ”´
com.Angebotsteil,ğŸŸ¡,ğŸŸ¡,ğŸŸ¡,ğŸŸ¡,ğŸŸ¢,ğŸŸ¡,ğŸŸ¢,ğŸ”´
com.Angebotsvariante,ğŸŸ¡,ğŸŸ¡,ğŸŸ¡,ğŸŸ¡,ğŸŸ¢,ğŸŸ¡,ğŸŸ¢,ğŸ”´
com.AufAbschlag,ğŸŸ¡,ğŸŸ¡,ğŸŸ¡,ğŸŸ¡,ğŸŸ¢,ğŸŸ¡,ğŸŸ¢,ğŸ”´
com.AufAbschlagProOrt,ğŸŸ¡,ğŸŸ¡,ğŸŸ¡,ğŸŸ¡,ğŸŸ¢,ğŸŸ¡,ğŸŸ¢,ğŸ”´
com.AufAbschlagRegional,ğŸŸ¡,ğŸŸ¡,ğŸŸ¡,ğŸŸ¡,ğŸŸ¢,ğŸŸ¡,ğŸŸ¢,ğŸ”´
com.AufAbschlagstaffelProOrt,ğŸŸ¡,ğŸŸ¡,ğŸŸ¡,ğŸŸ¡,ğŸŸ¢,ğŸŸ¡,ğŸŸ¢,ğŸ”´
com.Ausschreibungsdetail,ğŸŸ¡,ğŸŸ¡,ğŸŸ¡,ğŸŸ¡,ğŸŸ¢,ğŸŸ¡,ğŸŸ¢,ğŸ”´
com.Ausschreibungslos,ğŸŸ¡,ğŸŸ¡,ğŸŸ¡,ğŸŸ¡,ğŸŸ¢,ğŸŸ¡,ğŸŸ¢,ğŸ”´
com.Betrag,ğŸŸ¡,ğŸŸ¡,ğŸŸ¡,ğŸŸ¡,ğŸŸ¢,ğŸŸ¡,ğŸŸ¢,ğŸ”´
com.Dienstleistung,ğŸŸ¡,ğŸŸ¡,ğŸŸ¡,ğŸŸ¡,ğŸŸ¢,ğŸŸ¡,ğŸŸ¢,ğŸ”´
com.Energieherkunft,ğŸŸ¡,ğŸŸ¡,ğŸŸ¡,ğŸŸ¡,ğŸŸ¢,ğŸŸ¡,ğŸŸ¢,ğŸ”´
com.Energiemix,ğŸŸ¡,ğŸŸ¡,ğŸŸ¡,ğŸŸ¡,ğŸŸ¢,ğŸŸ¡,ğŸŸ¢,ğŸ”´
com.Fremdkostenblock,ğŸŸ¡,ğŸŸ¡,ğŸŸ¡,ğŸŸ¡,ğŸŸ¢,ğŸŸ¡,ğŸŸ¢,ğŸ”´
com.Fremdkostenposition,ğŸŸ¡,ğŸŸ¡,ğŸŸ¡,ğŸŸ¡,ğŸŸ¢,ğŸŸ¡,ğŸŸ¢,ğŸ”´
com.Geokoordinaten,ğŸŸ¡,ğŸŸ¡,ğŸŸ¡,ğŸŸ¡,ğŸŸ¢,ğŸŸ¡,ğŸŸ¢,ğŸ”´
com.Katasteradresse,ğŸŸ¡,ğŸŸ¡,ğŸŸ¡,ğŸŸ¡,ğŸŸ¢,ğŸŸ¡,ğŸŸ¢,ğŸ”´
com.Konfigurationsprodukt,\-,\-,â•,ğŸŸ¡,ğŸŸ¢,ğŸŸ¡,ğŸŸ¢,ğŸ”´
com.Kontaktweg,â•,ğŸŸ¡,ğŸŸ¡,ğŸŸ¡,ğŸŸ¢,ğŸŸ¡,ğŸŸ¢,ğŸ”´
com.Konzessionsabgabe,ğŸŸ¡,ğŸŸ¡,ğŸŸ¡,ğŸŸ¡,ğŸŸ¢,ğŸŸ¡,ğŸŸ¢,ğŸ”´
com.Kostenblock,ğŸŸ¡,ğŸŸ¡,ğŸŸ¡,ğŸŸ¡,ğŸŸ¢,ğŸŸ¡,ğŸŸ¢,ğŸ”´
com.Kostenposition,ğŸŸ¡,ğŸŸ¡,ğŸŸ¡,ğŸŸ¡,ğŸŸ¢,ğŸŸ¡,ğŸŸ¢,ğŸ”´
com.KriteriumWert,ğŸŸ¡,ğŸŸ¡,ğŸŸ¡,ğŸŸ¡,ğŸŸ¢,ğŸŸ¡,ğŸŸ¢,ğŸ”´
com.Lastprofil,\-,\-,\-,\-,\-,â•,ğŸŸ¢,ğŸ”´
com.MarktgebietInfo,ğŸŸ¡,ğŸŸ¡,ğŸŸ¡,ğŸŸ¡,ğŸŸ¢,ğŸŸ¡,ğŸŸ¢,ğŸ”´
com.Menge,ğŸŸ¡,ğŸŸ¡,ğŸŸ¡,ğŸŸ¡,ğŸŸ¢,ğŸŸ¡,ğŸŸ¢,ğŸ”´
com.Messlokationszuordnung,ğŸŸ¡,ğŸŸ¡,â–,\-,\-,\-,\-,\-
com.PositionsAufAbschlag,ğŸŸ¡,ğŸŸ¡,ğŸŸ¡,ğŸŸ¡,ğŸŸ¢,ğŸŸ¡,ğŸŸ¢,ğŸ”´
com.Preis,ğŸŸ¡,ğŸŸ¡,ğŸŸ¡,ğŸŸ¡,ğŸŸ¢,ğŸŸ¡,ğŸŸ¢,ğŸ”´
com.Preisgarantie,ğŸŸ¡,ğŸŸ¡,ğŸŸ¡,ğŸŸ¡,ğŸŸ¢,ğŸŸ¡,ğŸŸ¢,ğŸ”´
com.Preisposition,ğŸŸ¡,ğŸŸ¡,ğŸŸ¡,ğŸŸ¡,ğŸŸ¢,ğŸŸ¡,ğŸŸ¢,ğŸ”´
com.Preisstaffel,ğŸŸ¡,ğŸŸ¡,ğŸŸ¡,ğŸŸ¡,ğŸŸ¢,ğŸŸ¡,ğŸŸ¢,ğŸ”´
com.Rechnungsposition,ğŸŸ¡,ğŸŸ¡,ğŸŸ¡,ğŸŸ¡,ğŸŸ¢,ğŸŸ¡,ğŸŸ¢,ğŸ”´
com.RegionaleGueltigkeit,ğŸŸ¡,ğŸŸ¡,ğŸŸ¡,ğŸŸ¡,ğŸŸ¢,ğŸŸ¡,ğŸŸ¢,ğŸ”´
com.RegionalePreisgarantie,ğŸŸ¡,ğŸŸ¡,ğŸŸ¡,ğŸŸ¡,ğŸŸ¢,ğŸŸ¡,ğŸŸ¢,ğŸ”´
com.RegionalePreisstaffel,ğŸŸ¡,ğŸŸ¡,ğŸŸ¡,ğŸŸ¡,ğŸŸ¢,ğŸŸ¡,ğŸŸ¢,ğŸ”´
com.RegionalerAufAbschlag,ğŸŸ¡,ğŸŸ¡,ğŸŸ¡,ğŸŸ¡,ğŸŸ¢,ğŸŸ¡,ğŸŸ¢,ğŸ”´
com.RegionaleTarifpreisposition,ğŸŸ¡,ğŸŸ¡,ğŸŸ¡,ğŸŸ¡,ğŸŸ¢,ğŸŸ¡,ğŸŸ¢,ğŸ”´
com.Regionskriterium,ğŸŸ¡,ğŸŸ¡,ğŸŸ¡,ğŸŸ¡,ğŸŸ¢,ğŸŸ¡,ğŸŸ¢,ğŸ”´
com.Rufnummer,â–,\-,\-,\-,\-,\-,\-,\-
com.Sigmoidparameter,ğŸŸ¡,ğŸŸ¡,ğŸŸ¡,ğŸŸ¡,ğŸŸ¢,ğŸŸ¡,ğŸŸ¢,ğŸ”´
com.StandorteigenschaftenGas,ğŸŸ¡,ğŸŸ¡,ğŸŸ¡,ğŸŸ¡,ğŸŸ¢,ğŸŸ¡,ğŸŸ¢,ğŸ”´
com.StandorteigenschaftenStrom,ğŸŸ¡,ğŸŸ¡,ğŸŸ¡,ğŸŸ¡,ğŸŸ¢,ğŸŸ¡,ğŸŸ¢,ğŸ”´
com.Steuerbetrag,ğŸŸ¡,ğŸŸ¡,ğŸŸ¡,ğŸŸ¡,ğŸŸ¢,ğŸŸ¡,ğŸŸ¢,ğŸ”´
com.Tagesparameter,\-,\-,\-,\-,\-,â•,ğŸŸ¢,ğŸ”´
com.Tarifberechnungsparameter,ğŸŸ¡,ğŸŸ¡,ğŸŸ¡,ğŸŸ¡,ğŸŸ¢,ğŸŸ¡,ğŸŸ¢,ğŸ”´
com.Tarifeinschraenkung,ğŸŸ¡,ğŸŸ¡,ğŸŸ¡,ğŸŸ¡,ğŸŸ¢,ğŸŸ¡,ğŸŸ¢,ğŸ”´
com.Tarifpreis,ğŸŸ¡,ğŸŸ¡,ğŸŸ¡,ğŸŸ¡,ğŸŸ¢,ğŸŸ¡,ğŸŸ¢,ğŸ”´
com.Tarifpreisposition,ğŸŸ¡,ğŸŸ¡,ğŸŸ¡,ğŸŸ¡,ğŸŸ¢,ğŸŸ¡,ğŸŸ¢,ğŸ”´
com.TarifpreispositionProOrt,ğŸŸ¡,ğŸŸ¡,ğŸŸ¡,ğŸŸ¡,ğŸŸ¢,ğŸŸ¡,ğŸŸ¢,ğŸ”´
com.TarifpreisstaffelProOrt,ğŸŸ¡,ğŸŸ¡,ğŸŸ¡,ğŸŸ¡,ğŸŸ¢,ğŸŸ¡,ğŸŸ¢,ğŸ”´
com.Unterschrift,ğŸŸ¡,ğŸŸ¡,ğŸŸ¡,ğŸŸ¡,ğŸŸ¢,ğŸŸ¡,ğŸŸ¢,ğŸ”´
com.Verbrauch,ğŸŸ¡,ğŸŸ¡,ğŸŸ¡,ğŸŸ¡,ğŸŸ¢,ğŸ”´,ğŸŸ¢,ğŸ”´
com.Vertragskonditionen,ğŸŸ¡,ğŸŸ¡,ğŸŸ¡,ğŸŸ¡,ğŸŸ¢,ğŸŸ¡,ğŸŸ¢,ğŸ”´
com.Vertragsteil,ğŸŸ¡,ğŸŸ¡,ğŸŸ¡,ğŸŸ¡,ğŸŸ¢,ğŸŸ¡,ğŸŸ¢,ğŸ”´
com.VerwendungszweckProMarktrolle,ğŸŸ¡,ğŸŸ¡,ğŸŸ¡,ğŸŸ¡,ğŸŸ¢,ğŸŸ¡,ğŸŸ¢,ğŸ”´
com.Zaehlwerk,ğŸŸ¡,ğŸŸ¡,ğŸŸ¡,ğŸŸ¡,ğŸŸ¢,ğŸŸ¡,ğŸŸ¢,ğŸ”´
com.Zaehlzeitregister,ğŸŸ¡,ğŸŸ¡,ğŸŸ¡,ğŸŸ¡,ğŸŸ¢,ğŸŸ¡,ğŸŸ¢,ğŸ”´
com.Zeitraum,ğŸŸ¡,ğŸŸ¡,ğŸŸ¡,ğŸŸ¡,ğŸŸ¢,ğŸ”´,ğŸŸ¢,ğŸ”´
com.Zeitreihenwert,ğŸŸ¡,ğŸŸ¡,ğŸŸ¡,ğŸŸ¡,ğŸŸ¢,ğŸ”´,ğŸŸ¢,ğŸ”´
com.Zeitspanne,ğŸŸ¡,ğŸŸ¡,ğŸŸ¡,ğŸŸ¡,ğŸŸ¢,â–,\-,\-
com.Zustaendigkeit,ğŸ”´,ğŸŸ¡,ğŸŸ¡,ğŸŸ¡,ğŸŸ¢,ğŸŸ¡,ğŸŸ¢,ğŸ”´
enum.AbgabeArt,ğŸŸ¢,ğŸŸ¢,ğŸŸ¢,ğŸŸ¢,ğŸŸ¢,ğŸŸ¢,ğŸŸ¢,ğŸŸ¢
enum.Abwicklungsmodell,\-,\-,\-,\-,\-,â•,ğŸŸ¢,ğŸŸ¢
enum.Aggregationsverantwortung,\-,\-,\-,\-,\-,â•,ğŸŸ¢,ğŸŸ¢
enum.Angebotsstatus,ğŸŸ¢,ğŸŸ¢,ğŸŸ¢,ğŸŸ¢,ğŸŸ¢,ğŸŸ¢,ğŸŸ¢,ğŸŸ¢
enum.Anrede,ğŸŸ¢,ğŸŸ¢,ğŸŸ¢,ğŸŸ¢,ğŸŸ¢,ğŸŸ¢,ğŸŸ¢,ğŸŸ¢
enum.ArithmetischeOperation,ğŸŸ¢,ğŸŸ¢,ğŸŸ¢,ğŸŸ¢,ğŸŸ¢,ğŸŸ¢,ğŸŸ¢,ğŸŸ¢
enum.ArtikelId,ğŸŸ¢,ğŸŸ¢,ğŸŸ¢,ğŸŸ¢,ğŸŸ¢,ğŸŸ¢,ğŸŸ¢,ğŸŸ¢
enum.AufAbschlagstyp,ğŸŸ¢,ğŸŸ¢,ğŸŸ¢,ğŸŸ¢,ğŸŸ¢,ğŸŸ¢,ğŸŸ¢,ğŸŸ¢
enum.AufAbschlagsziel,ğŸŸ¢,ğŸŸ¢,ğŸŸ¢,ğŸŸ¢,ğŸŸ¢,ğŸŸ¢,ğŸŸ¢,ğŸŸ¢
enum.Ausschreibungsportal,ğŸŸ¢,ğŸŸ¢,ğŸŸ¢,ğŸŸ¢,ğŸŸ¢,ğŸŸ¢,ğŸŸ¢,ğŸŸ¢
enum.Ausschreibungsstatus,ğŸŸ¢,ğŸŸ¢,ğŸŸ¢,ğŸŸ¢,ğŸŸ¢,ğŸŸ¢,ğŸŸ¢,ğŸŸ¢
enum.Ausschreibungstyp,ğŸŸ¢,ğŸŸ¢,ğŸŸ¢,ğŸŸ¢,ğŸŸ¢,ğŸŸ¢,ğŸŸ¢,ğŸŸ¢
enum.BDEWArtikelnummer,ğŸŸ¢,ğŸŸ¢,ğŸŸ¢,ğŸŸ¢,ğŸŸ¢,ğŸŸ¢,ğŸŸ¢,ğŸŸ¢
enum.Befestigungsart,ğŸŸ¢,ğŸŸ¢,ğŸŸ¢,ğŸŸ¢,ğŸŸ¢,ğŸŸ¢,ğŸŸ¢,ğŸŸ¢
enum.Bemessungsgroesse,ğŸŸ¢,ğŸŸ¢,ğŸŸ¢,ğŸŸ¢,ğŸŸ¢,ğŸŸ¢,ğŸŸ¢,ğŸŸ¢
enum.Bilanzierungsmethode,ğŸŸ¢,ğŸŸ¢,ğŸŸ¢,ğŸŸ¢,ğŸŸ¡,ğŸŸ¢,ğŸŸ¢,ğŸŸ¢
enum.BoTyp,\-,\-,\-,\-,\-,â•,ğŸŸ¢,ğŸŸ¢
enum.ComTyp,\-,\-,\-,\-,\-,â•,ğŸŸ¢,ğŸŸ¢
enum.Dienstleistungstyp,ğŸŸ¢,ğŸŸ¢,ğŸŸ¢,ğŸŸ¢,ğŸŸ¢,ğŸŸ¢,ğŸŸ¢,ğŸŸ¢
enum.EMobilitaetsart,\-,\-,â•,ğŸŸ¢,ğŸŸ¢,ğŸŸ¢,ğŸŸ¢,ğŸŸ¢
enum.Energierichtung,ğŸŸ¢,ğŸŸ¢,ğŸŸ¢,ğŸŸ¢,ğŸŸ¢,ğŸŸ¢,ğŸŸ¢,ğŸŸ¢
enum.Erzeugungsart,ğŸŸ¢,ğŸŸ¢,ğŸŸ¢,ğŸŸ¢,ğŸŸ¢,ğŸŸ¢,ğŸŸ¢,ğŸŸ¢
enum.Fallgruppenzuordnung,\-,\-,\-,\-,\-,â•,ğŸŸ¢,ğŸŸ¢
enum.Gasqualitaet,ğŸŸ¢,ğŸŸ¢,ğŸŸ¢,ğŸŸ¢,ğŸŸ¢,ğŸŸ¢,ğŸŸ¢,ğŸŸ¢
enum.Gebiettyp,ğŸŸ¢,ğŸŸ¢,ğŸŸ¢,ğŸŸ¢,ğŸŸ¢,ğŸŸ¢,ğŸŸ¢,ğŸŸ¢
enum.Geraeteklasse,ğŸŸ¢,ğŸŸ¢,ğŸŸ¢,ğŸŸ¢,ğŸŸ¢,ğŸŸ¢,ğŸŸ¢,ğŸŸ¢
enum.Geraetetyp,ğŸŸ¢,ğŸŸ¢,ğŸŸ¢,ğŸŸ¢,ğŸŸ¢,ğŸŸ¢,ğŸŸ¢,ğŸŸ¢
enum.Geschaeftspartnerrolle,ğŸŸ¢,ğŸŸ¢,ğŸŸ¢,ğŸŸ¢,ğŸŸ¢,ğŸŸ¢,ğŸŸ¢,ğŸŸ¢
enum.Gueltigkeitstyp,ğŸŸ¢,ğŸŸ¢,ğŸŸ¢,ğŸŸ¢,ğŸŸ¢,ğŸŸ¢,ğŸŸ¢,ğŸŸ¢
enum.Kalkulationsmethode,ğŸŸ¢,ğŸŸ¢,ğŸŸ¢,ğŸŸ¢,ğŸŸ¢,ğŸŸ¢,ğŸŸ¢,ğŸŸ¢
enum.Kontaktart,ğŸ”´,ğŸŸ¢,ğŸŸ¢,ğŸŸ¢,ğŸŸ¢,ğŸŸ¢,ğŸŸ¢,ğŸŸ¢
enum.Kostenklasse,ğŸŸ¢,ğŸŸ¢,ğŸŸ¢,ğŸŸ¢,ğŸŸ¢,ğŸŸ¢,ğŸŸ¢,ğŸŸ¢
enum.Kundengruppe,ğŸŸ¢,ğŸŸ¢,ğŸŸ¢,ğŸŸ¢,ğŸŸ¢,ğŸŸ¢,ğŸŸ¢,ğŸŸ¢
enum.KundengruppeKA,ğŸŸ¢,ğŸŸ¢,ğŸŸ¢,ğŸŸ¢,ğŸŸ¢,ğŸŸ¢,ğŸŸ¢,ğŸŸ¢
enum.Kundentyp,ğŸŸ¢,ğŸŸ¢,ğŸŸ¢,ğŸŸ¢,ğŸŸ¢,ğŸŸ¢,ğŸŸ¢,ğŸŸ¢
enum.Landescode,ğŸŸ¢,ğŸŸ¢,ğŸŸ¢,ğŸŸ¢,ğŸŸ¢,ğŸŸ¢,ğŸŸ¢,ğŸŸ¢
enum.Leistungstyp,ğŸŸ¢,ğŸŸ¢,ğŸŸ¢,ğŸŸ¢,ğŸŸ¢,ğŸŸ¢,ğŸŸ¢,ğŸŸ¢
enum.Lokationstyp,ğŸŸ¢,ğŸŸ¢,ğŸŸ¡,ğŸŸ¢,ğŸŸ¢,ğŸŸ¢,ğŸŸ¢,ğŸŸ¢
enum.Marktrolle,ğŸ”´,ğŸŸ¢,ğŸŸ¢,ğŸŸ¢,ğŸŸ¢,ğŸŸ¢,ğŸŸ¢,ğŸŸ¢
enum.Medium,ğŸŸ¢,ğŸŸ¢,ğŸŸ¢,ğŸŸ¢,ğŸŸ¢,ğŸŸ¢,ğŸŸ¢,ğŸŸ¢
enum.Mengeneinheit,ğŸŸ¢,ğŸŸ¡,ğŸŸ¢,ğŸŸ¢,ğŸŸ¢,ğŸŸ¢,ğŸŸ¢,ğŸŸ¢
enum.Mengenoperator,ğŸŸ¢,ğŸŸ¢,ğŸŸ¢,ğŸŸ¢,ğŸŸ¢,ğŸŸ¢,ğŸŸ¢,ğŸŸ¢
enum.Messart,ğŸŸ¢,ğŸŸ¢,ğŸŸ¢,ğŸŸ¢,ğŸŸ¢,ğŸŸ¢,ğŸŸ¢,ğŸŸ¢
enum.Messgroesse,ğŸŸ¢,ğŸŸ¢,ğŸŸ¢,ğŸŸ¢,ğŸŸ¢,ğŸŸ¢,ğŸŸ¢,ğŸŸ¢
enum.Messpreistyp,ğŸŸ¢,ğŸŸ¢,ğŸŸ¢,ğŸŸ¢,ğŸŸ¢,ğŸŸ¢,ğŸŸ¢,ğŸŸ¢
enum.Messwerterfassung,ğŸŸ¢,ğŸŸ¢,ğŸŸ¢,ğŸŸ¢,ğŸŸ¢,ğŸŸ¢,ğŸŸ¢,ğŸŸ¢
enum.Messwertstatus,ğŸŸ¢,ğŸŸ¢,ğŸŸ¢,ğŸŸ¢,ğŸŸ¢,ğŸŸ¢,ğŸŸ¢,ğŸŸ¢
enum.Messwertstatuszusatz,ğŸŸ¢,ğŸŸ¢,ğŸŸ¢,ğŸŸ¢,ğŸŸ¢,ğŸŸ¢,ğŸŸ¢,ğŸŸ¢
enum.Netzebene,ğŸŸ¢,ğŸŸ¢,ğŸŸ¢,ğŸŸ¢,ğŸŸ¢,ğŸŸ¢,ğŸŸ¢,ğŸŸ¢
enum.NetznutzungRechnungsart,ğŸŸ¢,ğŸŸ¢,ğŸŸ¢,ğŸŸ¢,ğŸŸ¢,ğŸŸ¢,ğŸŸ¢,ğŸŸ¢
enum.NetznutzungRechnungstyp,ğŸŸ¢,ğŸŸ¢,ğŸŸ¢,ğŸŸ¢,ğŸŸ¢,ğŸŸ¢,ğŸŸ¢,ğŸŸ¢
enum.Oekolabel,ğŸŸ¢,ğŸŸ¢,ğŸŸ¢,ğŸŸ¢,ğŸŸ¢,ğŸŸ¢,ğŸŸ¢,ğŸŸ¢
enum.Oekozertifikat,ğŸŸ¢,ğŸŸ¢,ğŸŸ¢,ğŸŸ¢,ğŸŸ¢,ğŸŸ¢,ğŸŸ¢,ğŸŸ¢
enum.Organisationstyp,â•,ğŸŸ¢,ğŸŸ¢,ğŸŸ¢,ğŸŸ¢,ğŸŸ¢,ğŸŸ¢,ğŸŸ¢
enum.Preisgarantietyp,ğŸŸ¢,ğŸŸ¢,ğŸŸ¢,ğŸŸ¢,ğŸŸ¢,ğŸŸ¢,ğŸŸ¢,ğŸŸ¢
enum.Preismodell,ğŸŸ¢,ğŸŸ¢,ğŸŸ¢,ğŸŸ¢,ğŸŸ¢,ğŸŸ¢,ğŸŸ¢,ğŸŸ¢
enum.Preisstatus,ğŸŸ¢,ğŸŸ¢,ğŸŸ¢,ğŸŸ¢,ğŸŸ¢,ğŸŸ¢,ğŸŸ¢,ğŸŸ¢
enum.Preistyp,ğŸŸ¢,ğŸŸ¢,ğŸŸ¢,ğŸŸ¢,ğŸŸ¢,ğŸŸ¢,ğŸŸ¢,ğŸŸ¢
enum.Profilart,\-,\-,\-,\-,\-,â•,ğŸŸ¢,ğŸŸ¢
enum.Profiltyp,\-,\-,\-,\-,\-,â•,ğŸŸ¢,ğŸŸ¢
enum.Profilverfahren,\-,\-,\-,\-,\-,â•,ğŸŸ¢,ğŸŸ¢
enum.Prognosegrundlage,\-,\-,\-,\-,\-,â•,ğŸŸ¢,ğŸŸ¢
enum.Rechnungslegung,ğŸŸ¢,ğŸŸ¢,ğŸŸ¢,ğŸŸ¢,ğŸŸ¢,ğŸŸ¢,ğŸŸ¢,ğŸŸ¢
enum.Rechnungsstatus,ğŸŸ¢,ğŸŸ¢,ğŸŸ¢,ğŸŸ¢,ğŸŸ¢,ğŸŸ¢,ğŸŸ¢,ğŸŸ¢
enum.Rechnungstyp,ğŸŸ¢,ğŸŸ¢,ğŸŸ¢,ğŸŸ¢,ğŸŸ¢,ğŸŸ¡,ğŸŸ¢,ğŸŸ¢
enum.Regionskriteriumtyp,ğŸŸ¢,ğŸŸ¢,ğŸŸ¢,ğŸŸ¢,ğŸŸ¢,ğŸŸ¢,ğŸŸ¢,ğŸŸ¢
enum.Registeranzahl,ğŸŸ¢,ğŸŸ¢,ğŸŸ¢,ğŸŸ¢,ğŸŸ¢,ğŸŸ¢,ğŸŸ¢,ğŸŸ¢
enum.Rollencodetyp,ğŸŸ¢,ğŸŸ¢,ğŸŸ¢,ğŸŸ¢,ğŸŸ¢,ğŸŸ¢,ğŸŸ¢,ğŸŸ¢
enum.Rufnummernart,â–,\-,\-,\-,\-,\-,\-,\-
enum.Sparte,ğŸŸ¢,ğŸŸ¢,ğŸŸ¢,ğŸŸ¢,ğŸŸ¢,ğŸŸ¢,ğŸŸ¢,ğŸŸ¢
enum.Speicherart,\-,\-,â•,ğŸŸ¢,ğŸŸ¢,ğŸŸ¢,ğŸŸ¢,ğŸŸ¢
enum.SteuerkanalLeistungsbeschreibung,\-,\-,â•,ğŸŸ¢,ğŸŸ¢,ğŸŸ¢,ğŸŸ¢,ğŸŸ¢
enum.Steuerkennzeichen,ğŸŸ¢,ğŸŸ¢,ğŸŸ¢,ğŸŸ¢,ğŸŸ¢,ğŸŸ¢,ğŸŸ¢,ğŸŸ¢
enum.Tarifkalkulationsmethode,ğŸŸ¢,ğŸŸ¢,ğŸŸ¢,ğŸŸ¢,ğŸŸ¢,ğŸŸ¢,ğŸŸ¢,ğŸŸ¢
enum.Tarifmerkmal,ğŸŸ¢,ğŸŸ¢,ğŸŸ¢,ğŸŸ¢,ğŸŸ¢,ğŸŸ¢,ğŸŸ¢,ğŸŸ¢
enum.Tarifregionskriterium,ğŸŸ¢,ğŸŸ¢,ğŸŸ¢,ğŸŸ¢,ğŸŸ¢,ğŸŸ¢,ğŸŸ¢,ğŸŸ¢
enum.Tariftyp,ğŸŸ¢,ğŸŸ¢,ğŸŸ¢,ğŸŸ¢,ğŸŸ¢,ğŸŸ¢,ğŸŸ¢,ğŸŸ¢
enum.Tarifzeit,ğŸŸ¢,ğŸŸ¢,ğŸŸ¢,ğŸŸ¢,ğŸŸ¢,ğŸŸ¢,ğŸŸ¢,ğŸŸ¢
enum.TechnischeRessourceNutzung,\-,\-,â•,ğŸŸ¢,ğŸŸ¢,ğŸŸ¢,ğŸŸ¢,ğŸŸ¢
enum.TechnischeRessourceVerbrauchsart,\-,\-,â•,ğŸŸ¢,ğŸŸ¢,ğŸŸ¢,ğŸŸ¢,ğŸŸ¢
enum.Themengebiet,ğŸŸ¡,ğŸŸ¢,ğŸŸ¢,ğŸŸ¢,ğŸŸ¢,ğŸŸ¢,ğŸŸ¢,ğŸŸ¢
enum.Titel,ğŸŸ¢,ğŸŸ¢,ğŸŸ¢,ğŸŸ¢,ğŸŸ¢,ğŸŸ¢,ğŸŸ¢,ğŸŸ¢
enum.Typ,ğŸ”´,ğŸŸ¢,ğŸŸ¡,ğŸŸ¢,ğŸŸ¢,â–,\-,\-
enum.Verbrauchsart,ğŸŸ¢,ğŸŸ¢,ğŸŸ¢,ğŸŸ¢,ğŸŸ¢,ğŸŸ¢,ğŸŸ¢,ğŸŸ¢
enum.Vertragsart,ğŸŸ¢,ğŸŸ¢,ğŸŸ¢,ğŸŸ¢,ğŸŸ¢,ğŸŸ¢,ğŸŸ¢,ğŸŸ¢
enum.Vertragsform,ğŸŸ¢,ğŸŸ¢,ğŸŸ¢,ğŸŸ¢,ğŸŸ¢,ğŸŸ¢,ğŸŸ¢,ğŸŸ¢
enum.Vertragsstatus,ğŸŸ¢,ğŸŸ¢,ğŸŸ¢,ğŸŸ¢,ğŸŸ¢,ğŸŸ¢,ğŸŸ¢,ğŸŸ¢
enum.Verwendungszweck,ğŸŸ¢,ğŸŸ¢,ğŸŸ¢,ğŸŸ¢,ğŸŸ¢,ğŸŸ¢,ğŸŸ¢,ğŸŸ¢
enum.Voraussetzungen,ğŸŸ¢,ğŸŸ¢,ğŸŸ¢,ğŸŸ¢,ğŸŸ¢,ğŸŸ¢,ğŸŸ¢,ğŸŸ¢
enum.Waehrungscode,ğŸŸ¢,ğŸŸ¢,ğŸŸ¢,ğŸŸ¢,ğŸŸ¢,ğŸŸ¢,ğŸŸ¢,ğŸŸ¢
enum.Waehrungseinheit,ğŸŸ¢,ğŸŸ¢,ğŸŸ¢,ğŸŸ¢,ğŸŸ¢,ğŸŸ¢,ğŸŸ¢,ğŸŸ¢
enum.Waermenutzung,ğŸŸ¢,ğŸŸ¢,ğŸŸ¢,ğŸŸ¢,ğŸŸ¢,ğŸŸ¢,ğŸŸ¢,ğŸŸ¢
enum.WahlrechtPrognosegrundlage,\-,\-,\-,\-,\-,â•,ğŸŸ¢,ğŸŸ¢
enum.Wertermittlungsverfahren,ğŸŸ¢,ğŸŸ¢,ğŸŸ¢,ğŸŸ¢,ğŸŸ¢,â–,\-,\-
enum.Zaehlerauspraegung,ğŸŸ¢,ğŸŸ¢,ğŸŸ¢,ğŸŸ¢,ğŸŸ¢,ğŸŸ¢,ğŸŸ¢,ğŸŸ¢
enum.Zaehlergroesse,ğŸŸ¢,ğŸŸ¢,ğŸŸ¢,ğŸŸ¢,ğŸŸ¢,ğŸŸ¢,ğŸŸ¢,ğŸŸ¢
enum.Zaehlertyp,ğŸŸ¢,ğŸŸ¢,ğŸŸ¢,ğŸŸ¡,ğŸŸ¢,ğŸŸ¢,ğŸŸ¢,ğŸŸ¢
enum.ZaehlertypSpezifikation,ğŸŸ¢,ğŸŸ¢,ğŸŸ¢,ğŸŸ¢,ğŸŸ¢,ğŸŸ¢,ğŸŸ¢,ğŸŸ¢
enum.Zeitreihentyp,\-,\-,\-,\-,\-,â•,ğŸŸ¢,ğŸŸ¢
ZusatzAttribut,ğŸŸ¡,ğŸŸ¢,ğŸŸ¢,ğŸŸ¡,ğŸŸ¢,ğŸŸ¢,ğŸŸ¢,ğŸŸ¢
